name,projected_ex_date,every_days,yield_per_event
KOF,2026-10-05,84,0.009987611980677241
JPM,2026-10-05,91,0.0044522275494804425
MU,2026-10-05,91,0.00014241091668683228
CSCO,2026-10-05,91,0.003937007862753286
GRUMA,2026-10-08,91,0.006037988875140829
MA,2026-10-08,91,0.0015310432474862632
PFE,2026-10-09,77,0.014935741101977098
VZ,2026-10-09,91,0.015164430651051485
T,2026-10-09,91,0.011148987605943524
ORCL,2026-10-09,91,0.0037613783762067104
GENTERA,2026-10-10,171,0.028651692664634753
VESTA,2026-10-14,92,0.006118711763420021
FCX,2026-10-14,91,0.002076986949108495
FEMSA,2026-10-14,91,0.015038618951318961
ABBV,2026-10-14,91,0.006470257842936172
DIA,2026-10-16,28,0.002318615165545255
CAT,2026-10-19,91,0.0019911802068966647
CVS,2026-10-22,91,0.007526881850425696
COST,2026-10-23,91,0.0015968020042767504
PG,2026-10-23,91,0.007298438114062434
FIBRAMQ,2026-10-29,42,0.00465890922813786
SHV,2026-10-31,30,0.0030650645687878724
SHY,2026-10-31,30,0.003008631375965563
TLT,2026-10-31,30,0.004015813213828052
BIL,2026-10-31,30,0.0030561011963126756
AGNC,2026-11-01,31,0.012644889662190259
C,2026-11-02,91,0.005077295892025688
CCL1,2026-11-02,87,0.006732495304181433
AA1,2026-11-03,84,0.002362948977342032
LVS,2026-11-03,91,0.007744933400616182
FUNO,2026-11-06,91,0.02161415512685318
FIBRAPL,2026-11-06,95,0.009890399326343521
WFC,2026-11-06,91,0.006175889397902614
AAPL,2026-11-09,91,0.000797224506478909
F,2026-11-10,91,0.01211054550135949
V,2026-11-10,91,0.001814685451386326
TGT,2026-11-11,91,0.007321845948537533
Q,2026-11-12,184,0.02925497195247813
FANG,2026-11-12,91,0.005937761307425036
LLY,2026-11-13,91,0.0014544660388271955
SBUX,2026-11-13,91,0.006490107902465142
