name,yahoo,report_ts,timing,reaction_day,vol_ex_earnings,mean_abs_earnings_move,max_abs_earnings_move,straddle_pct,iv_post,iv_pre,days_to_expiry,implied_event_sigma,hist_event_sigma,event_sigma
PEP,PEP,2026-10-08 12:00:00+00:00,bmo,2026-10-08,0.21308217204628127,0.04432811865515318,0.08391931770599736,0.0442246924694178,0.3242255078124999,0.2249833361816406,9.0,0.04412024088331646,0.055556431110503485,0.04412024088331646
DAL,DAL,2026-10-09 12:00:00+00:00,bmo,2026-10-09,0.400436087970686,0.06391369031308727,0.21685396779050503,0.0797524083993628,0.5515181567382813,0.4436090795898438,9.0,0.061928317350858804,0.08010302806939229,0.061928317350858804
JPM,JPM,2026-10-13 12:00:00+00:00,bmo,2026-10-13,0.22613649058514979,0.027850860543457978,0.051994284921407896,0.0521993521416144,0.2931894412231445,0.2395705926513671,14.0,0.03983715433654899,0.03490548351911588,0.03983715433654899
FDX,FDX,2026-10-12 20:00:00+00:00,amc,2026-10-13,0.2969071180222402,0.02050663272968554,0.061476230945654464,0.0533268687941242,0.3050911776733398,0.2916940948486328,14.0,0.0210755014762299,0.025700962800114892,0.0210755014762299
C,C,2026-10-13 12:00:00+00:00,bmo,2026-10-13,0.2862334195903424,0.03700284241445728,0.05770018606334659,0.0629360000962641,0.3581607153320312,0.2944406494140625,14.0,0.04806465667305598,0.046375662398039315,0.04806465667305598
WFC,WFC,2026-10-13 12:00:00+00:00,bmo,2026-10-13,0.25566940787885195,0.047349534610644395,0.06749516930825816,0.0604055871657116,0.3400944897460937,0.27149166015625,14.0,0.04827959105348937,0.05934317172752063,0.04827959105348937
JNJ,JNJ,2026-10-13 12:00:00+00:00,bmo,2026-10-13,0.20324471411493739,0.018499971833422113,0.06293102164401088,0.0524989879288844,0.3006051385498046,0.2320633435058593,14.0,0.04503705506668232,0.023186014698827934,0.04503705506668232
UNH,UNH,2026-10-13 12:00:00+00:00,bmo,2026-10-13,0.2738328215885535,0.09575961857233062,0.2638366046080698,0.0856542458099923,0.4807486007690429,0.3790650473022461,14.0,0.06969333901502532,0.12001552995670198,0.06969333901502532
AMX,AMXB.MX,2026-10-13 20:00:00+00:00,amc,2026-10-14,0.23930419463418487,0.017434255757351722,0.04391323039402595,,,,,,0.021850352740688916,0.021850352740688916
BAC,BAC,2026-10-14 12:00:00+00:00,bmo,2026-10-14,0.21993915639235978,0.02186647970605049,0.04528526696266244,0.0566922052547172,0.3149482568359374,0.2507399145507812,14.0,0.04492085616519998,0.02740525901559308,0.04492085616519998
TSM,TSM,2026-10-15 12:00:00+00:00,bmo,2026-10-15,0.4084208193923859,0.03712073292007978,0.10371152510458792,0.0632227022872088,0.3530490721130371,0.3143989459228515,14.0,0.03785715118300809,0.04652341456873599,0.03785715118300809
AA1,AA,2026-10-15 20:00:00+00:00,amc,2026-10-16,0.544939500594529,0.05629735658572421,0.11891711837601715,0.0955361356972683,0.532231240234375,0.49023947265625,14.0,0.04883950616909705,0.07055747700888816,0.04883950616909705
CLF,CLF,2026-10-19 12:00:00+00:00,bmo,2026-10-19,0.63825407447001,0.1231072751198915,0.1939700942470015,0.1451104066021938,0.684573466796875,0.6406285937500001,19.0,0.06626309064832589,0.15429034790776003,0.06626309064832589
AGNC,AGNC,2026-10-19 20:00:00+00:00,amc,2026-10-20,0.2131500305348649,0.019134752867894456,0.03166453645637457,0.0547558609087838,0.27149166015625,0.28321029296875,19.0,0.0,0.023981585769332122,0.023981585769332122
GE,GE,2026-10-20 12:00:00+00:00,bmo,2026-10-20,0.3194695111797751,0.0529377252084573,0.0901842636863801,0.082546239768005,0.4155026712036133,0.341956043395996,19.0,0.06480930969658247,0.06634685100375953,0.06480930969658247
GM,GM,2026-10-20 12:00:00+00:00,bmo,2026-10-20,0.31178625394957954,0.06794503702517096,0.14044793786090093,0.0864891605752168,0.4294490649414062,0.3475407043457031,19.0,0.06927049595941828,0.08515551490364677,0.06927049595941828
KO,KO,2026-10-20 12:00:00+00:00,bmo,2026-10-20,0.18806546482684455,0.028954435964904768,0.04895685373750425,0.0411687347768734,0.1994708959960937,0.1927570959472656,19.0,0.014090617434081895,0.03628859459481515,0.014090617434081895
GAP,GAPB.MX,2026-10-19 20:00:00+00:00,amc,2026-10-20,0.3043242866317385,0.02571276342332529,0.0596423930318446,,,,,,0.03222580639845359,0.03222580639845359
BOLSA,BOLSAA.MX,2026-10-20 20:00:00+00:00,amc,2026-10-21,0.2651686783557192,0.021647598335150762,0.04640706525284699,,,,,,0.02713093499344445,0.02713093499344445
ALPEK,ALPEKA.MX,2026-10-20 20:00:00+00:00,amc,2026-10-21,0.37493760388838054,0.03325895211556259,0.05754551297313926,,,,,,0.0416834446864346,0.0416834446864346
CHDRAUI,CHDRAUIB.MX,2026-10-20 20:00:00+00:00,amc,2026-10-21,0.2216634338714728,0.013504609731313955,0.025453293357894147,,,,,,0.01692532737625578,0.01692532737625578
GMEXICO,GMEXICOB.MX,2026-10-20 20:00:00+00:00,amc,2026-10-21,0.40383049792593884,0.016157163614812713,0.03937349025824943,,,,,,0.020249773158444773,0.020249773158444773
TMO,TMO,2026-10-21 12:00:00+00:00,bmo,2026-10-21,0.29299247575696324,0.05056417412897862,0.09532046367255198,0.0783015946671177,0.3818573777770995,0.3192206750488281,19.0,0.05754057002504139,0.06337207943584891,0.05754057002504139
KIMBER,KIMBERA.MX,2026-10-20 20:00:00+00:00,amc,2026-10-21,0.24392234351434486,0.012522895162206473,0.01990738481247112,,,,,,0.015694944506793373,0.015694944506793373
T,T,2026-10-21 12:00:00+00:00,bmo,2026-10-21,0.2604813844094481,0.026576056783972235,0.0634730477294907,0.0639919778865398,0.3086006640625,0.2568433691406249,19.0,0.04697395505050393,0.033307771967352406,0.04697395505050393
NFLX,NFLX,2026-10-20 20:00:00+00:00,amc,2026-10-21,0.3380587837767733,0.07894970648302861,0.10423142340238467,0.0976774426178035,0.4694877270507813,0.3189765368652343,19.0,0.09459146075495675,0.09894766713517976,0.09459146075495675
Q,Q.MX,2026-10-20 20:00:00+00:00,amc,2026-10-21,0.30439565210288766,0.03551620314639035,0.09717327774475581,,,,,,0.04451245740337102,0.04451245740337102
LVS,LVS,2026-10-21 20:00:00+00:00,amc,2026-10-22,0.29951437071734416,0.07492384951897779,0.15105632569115723,0.0847764310266919,0.4506890869140625,0.3481510498046875,19.0,0.07858668482685932,0.09390206060213488,0.07858668482685932
UAL,UAL,2026-10-21 20:00:00+00:00,amc,2026-10-22,0.4846216387330305,0.04195130065384389,0.13103989467728727,0.1196950745512085,0.5629926513671875,0.5578657495117187,19.0,0.020815143419857924,0.05257756510946256,0.020815143419857924
TSLA,TSLA,2026-10-21 20:00:00+00:00,amc,2026-10-22,0.4441241361281226,0.07617143627028033,0.19296986717307796,0.0960248235569221,0.454381676940918,0.3979552392578125,19.0,0.0602176074370339,0.09546566107754235,0.0602176074370339
LUV,LUV,2026-10-21 20:00:00+00:00,amc,2026-10-22,0.3957651422017037,0.07210261949262187,0.1706777684327614,0.1046922899310251,0.5043994873046875,0.450200810546875,19.0,0.06245707689727705,0.09036621301010299,0.06245707689727705
FCX,FCX,2026-10-22 12:00:00+00:00,bmo,2026-10-22,0.49920371149103093,0.04169879378445829,0.13373584391149418,0.0998059337526574,0.4921925781249999,0.4803518762207032,19.0,0.02946591860173476,0.052261098250061574,0.02946591860173476
PG,PG,2026-10-22 12:00:00+00:00,bmo,2026-10-22,0.205205652860095,0.01809328810487898,0.0376585911372338,0.0512751742648842,0.25196060546875,0.1955646850585937,19.0,0.04362236086782854,0.022676317981844826,0.04362236086782854
ASUR,ASURB.MX,2026-10-21 20:00:00+00:00,amc,2026-10-22,0.2447071070818184,0.01793189709776564,0.05546579676732488,,,,,,0.02247404663262968,0.02247404663262968
GRUMA,GRUMAB.MX,2026-10-21 20:00:00+00:00,amc,2026-10-22,0.1826172836335507,0.019536093297576964,0.08010128182227749,,,,,,0.02448458572985321,0.02448458572985321
ALSEA,ALSEA.MX,2026-10-21 20:00:00+00:00,amc,2026-10-22,0.26309236440254463,0.024051207543435205,0.05246806368759982,,,,,,0.030143378414187343,0.030143378414187343
GENTERA,GENTERA.MX,2026-10-21 20:00:00+00:00,amc,2026-10-22,0.35253885184190176,0.02867932719057688,0.046316974768772834,,,,,,0.03594380076795001,0.03594380076795001
AAL,AAL,2026-10-22 12:00:00+00:00,bmo,2026-10-22,0.46897677594111237,0.0609619914071694,0.10693190748927339,0.1138960595497743,0.5361374511718751,0.508793974609375,19.0,0.04641381760321418,0.07640366383060541,0.04641381760321418
LAB,LABB.MX,2026-10-21 20:00:00+00:00,amc,2026-10-22,0.3021368043666175,0.02318211062113429,0.07032996725813856,,,,,,0.029054139241467606,0.029054139241467606
F,F,2026-10-22 20:00:00+00:00,amc,2026-10-23,0.36926998317851684,0.04610998712908565,0.11222458696235282,0.0706277404694726,0.3422917333984374,0.336920693359375,19.0,0.016584735002232013,0.05778964686888305,0.016584735002232013
OMA,OMAB.MX,2026-10-22 20:00:00+00:00,amc,2026-10-23,0.29174136489139085,0.021013584412442943,0.04976789862030273,,,,,,0.02633632534411474,0.02633632534411474
AXP,AXP,2026-10-23 12:00:00+00:00,bmo,2026-10-23,0.2678962625428439,0.032118194880901285,0.06886063846445545,0.0642095244713741,0.3160468786621093,0.2661511373901367,19.0,0.046799760461924876,0.04025373364423358,0.046799760461924876
VESTA,VESTA.MX,2026-10-22 20:00:00+00:00,amc,2026-10-23,0.19845914183788663,0.029906960889448053,0.05873414885665973,,,,,,0.03748239408274525,0.03748239408274525
PINFRA,PINFRA.MX,2026-10-22 20:00:00+00:00,amc,2026-10-23,0.24860360111520857,0.010914690060435994,0.02767223988498113,,,,,,0.013679381052744433,0.013679381052744433
BIMBO,BIMBOA.MX,2026-10-22 20:00:00+00:00,amc,2026-10-23,0.2723552498092356,0.027020515049460625,0.06261131280374599,,,,,,0.033864811511489006,0.033864811511489006
INTC,INTC,2026-10-22 20:00:00+00:00,amc,2026-10-23,0.7419945075036715,0.09128332970168918,0.21613772248614715,,,,,,0.11440539711512705,0.11440539711512705
VZ,VZ,2026-10-26 12:00:00+00:00,bmo,2026-10-26,0.2328729233910261,0.03896192688993394,0.11620024478840385,0.0654245640853623,0.2839427075195312,0.2473219799804687,24.0,0.04304515831637933,0.04883098297115421,0.04304515831637933
PYPL,PYPL,2026-10-27 12:00:00+00:00,bmo,2026-10-27,0.387935766391753,0.08763567337123901,0.23232619024486834,0.1128555609324264,0.5131884619140625,0.4604546142578125,24.0,0.06992781696687923,0.10983378943617386,0.06992781696687923
LIVEPOL,LIVEPOLC-1.MX,2026-10-26 20:00:00+00:00,amc,2026-10-27,0.1867924856156515,0.010841858263731075,0.027962165179383547,,,,,,0.013588100961934156,0.013588100961934156
RCL,RCL,2026-10-27 12:00:00+00:00,bmo,2026-10-27,0.43200791303740027,0.07094469851483431,0.17026355542386362,0.1244332425245644,0.5370529693603516,0.4745535943603515,24.0,0.07759772823039514,0.08891499064864185,0.07759772823039514
BBAJIO,BBAJIOO.MX,2026-10-26 20:00:00+00:00,amc,2026-10-27,0.26316700610427246,0.02589036165971803,0.06123433488012742,,,,,,0.03244839026812461,0.03244839026812461
VOLAR,VOLARA.MX,2026-10-26 20:00:00+00:00,amc,2026-10-27,0.47050927010276167,0.06188243097335344,0.14768513767245528,,,,,,0.07755725073890388,0.07755725073890388
CEMEX,CEMEXCPO.MX,2026-10-26 20:00:00+00:00,amc,2026-10-27,0.30560315121889386,0.05926009478634001,0.12203702422392393,,,,,,0.07427067679571994,0.07427067679571994
R,RA.MX,2026-10-26 20:00:00+00:00,amc,2026-10-27,0.3045722566120067,0.01574995625486671,0.030694127693171147,,,,,,0.019739420174224448,0.019739420174224448
SOFI,SOFI,2026-10-27 12:00:00+00:00,bmo,2026-10-27,0.5748362151159289,0.06032229001426481,0.10549273182327923,0.1235670321089886,0.5146532910156251,0.4409235595703125,24.0,0.08191425515167197,0.07560192607487809,0.08191425515167197
GCC,GCC.MX,2026-10-27 20:00:00+00:00,amc,2026-10-28,0.2775261606517678,0.020612022934429826,0.04364007100103162,,,,,,0.025833048343720903,0.025833048343720903
V,V,2026-10-27 20:00:00+00:00,amc,2026-10-28,0.22527764993841354,0.021474658474275543,0.07983804955309637,0.0581395356522848,0.2604596659851074,0.2152330674743652,24.0,0.04526531760804352,0.02691418946580954,0.04526531760804352
GFNORTE,GFNORTEO.MX,2026-10-27 20:00:00+00:00,amc,2026-10-28,0.268195027750513,0.021019164934654784,0.05288165105900955,,,,,,0.02634331941260284,0.02634331941260284
ORBIA,ORBIA.MX,2026-10-27 20:00:00+00:00,amc,2026-10-28,0.3880008039382275,0.013890597629459147,0.024453154221227624,,,,,,0.01740908600900115,0.01740908600900115
WALMEX,WALMEX.MX,2026-10-27 20:00:00+00:00,amc,2026-10-28,0.2146906880149297,0.027227881971643275,0.07236429354813145,,,,,,0.03412470447506052,0.03412470447506052
CVS,CVS,2026-10-28 12:00:00+00:00,bmo,2026-10-28,0.3129011136101305,0.053740186832121895,0.13550381629694552,0.0831965577954802,0.3876404010009765,0.3700014172363281,24.0,0.035675831129647055,0.06735257615669837,0.035675831129647055
BA,BA,2026-10-28 12:00:00+00:00,bmo,2026-10-28,0.3437051406094643,0.03679284872426636,0.05443342532947426,0.0889540809600428,0.3833374655151367,0.323950852355957,24.0,0.06324815655165475,0.04611247730612303,0.06324815655165475
GOOGL,GOOGL,2026-10-28 20:00:00+00:00,amc,2026-10-29,0.2997360947889531,0.04037559544004532,0.1030570104678965,0.085811186459521,0.3694215890502929,0.3057015231323241,24.0,0.06400810157875521,0.0506027337650088,0.06400810157875521
META,META,2026-10-28 20:00:00+00:00,amc,2026-10-29,0.36958849725919396,0.07321434529741677,0.11810990522832299,0.1069390275461913,0.4506127937316894,0.3761659063720702,24.0,0.0765637616369252,0.09175953896125244,0.0765637616369252
MRK,MRK,2026-10-29 12:00:00+00:00,bmo,2026-10-29,0.3138082393263178,0.02484159723283552,0.13282073425660545,0.0830419573603444,0.3655458953857421,0.3107368731689452,24.0,0.05941492299843196,0.03113397381191276,0.05941492299843196
CAT,CAT,2026-10-29 12:00:00+00:00,bmo,2026-10-29,0.3767947248377164,0.04732395293009728,0.11201289230665346,0.1086305711724803,0.4985706881713866,0.3950866156005859,24.0,0.09384855950740909,0.05931111020729092,0.09384855950740909
LLY,LLY,2026-10-29 12:00:00+00:00,bmo,2026-10-29,0.3364144583137963,0.08191080499115455,0.15946456671786713,0.0988767080180847,0.4410799605941773,0.3285055553436279,24.0,0.09083508434107943,0.10265881189541401,0.09083508434107943
CUERVO,CUERVO.MX,2026-10-28 20:00:00+00:00,amc,2026-10-29,0.31315956969025666,0.02280209033228786,0.041423298940653996,,,,,,0.02857785981345638,0.02857785981345638
BMY,BMY,2026-10-29 12:00:00+00:00,bmo,2026-10-29,0.2701827381564165,0.04403295649385974,0.0706843624762099,0.0780660396087943,0.3458317370605468,0.280280634765625,24.0,0.0625203632607531,0.05518650437375442,0.0625203632607531
MSFT,MSFT,2026-10-28 20:00:00+00:00,amc,2026-10-29,0.27370336293567205,0.0690357733004936,0.1444625778406845,0.0792437768156077,0.3361119856262207,0.2629773410034179,24.0,0.064597055070994,0.08652253467750863,0.064597055070994
ABBV,ABBV,2026-10-29 12:00:00+00:00,bmo,2026-10-29,0.2591513603886362,0.037725781955330495,0.06291366632553697,0.071294906922533,0.3365850033569335,0.2717968328857422,24.0,0.06126907564417862,0.04728172252461571,0.06126907564417862
SBUX,SBUX,2026-10-28 20:00:00+00:00,amc,2026-10-29,0.27299737729140333,0.03321513746882221,0.08155474674065477,0.0819586292229268,0.3609072698974609,0.2868723657226562,24.0,0.0675829671761735,0.04162853178967488,0.0675829671761735
MA,MA,2026-10-29 12:00:00+00:00,bmo,2026-10-29,0.23597132664969117,0.021462678560025372,0.041258385933403474,0.0572851564409161,0.2782054602050781,0.2406997317504882,24.0,0.04305247874414966,0.0268991750392798,0.04305247874414966
AMZN,AMZN,2026-10-29 20:00:00+00:00,amc,2026-10-30,0.2984303956254914,0.06026541521763695,0.13694019601674512,0.0924821586779281,0.3921874746704101,0.2894663339233398,24.0,0.08166147125165144,0.0755306448922644,0.08166147125165144
CVX,CVX,2026-10-30 12:00:00+00:00,bmo,2026-10-30,0.2539021221472961,0.022616310854426058,0.03829762139476678,0.0682138171419681,0.3009103112792969,0.281684429321289,24.0,0.03266117210176706,0.02834502239385218,0.03266117210176706
FSLR,FSLR,2026-10-29 20:00:00+00:00,amc,2026-10-30,0.5190169709849999,0.07016156934001594,0.15093082104024624,0.1388124119260078,0.5732464550781251,0.5002186209106445,24.0,0.08640592437464648,0.08793349485384198,0.08640592437464648
AAPL,AAPL,2026-10-29 20:00:00+00:00,amc,2026-10-30,0.24969657925869476,0.025249202759585643,0.08198853846857368,0.0601609234055843,0.2533949172973633,0.2202836761474609,24.0,0.038648706175717806,0.03164482581858869,0.038648706175717806
XOM,XOM,2026-10-30 12:00:00+00:00,bmo,2026-10-30,0.27563613196448106,0.012556554512014095,0.021426917640263277,0.0728035529781139,0.3287420642089843,0.2907175421142578,24.0,0.04736349356426587,0.015737129769907265,0.04736349356426587
RIOT,RIOT,2026-10-29 20:00:00+00:00,amc,2026-10-30,0.8786769714190475,0.08739003248142374,0.1942245473037243,0.2002259887005649,0.8388687988281249,0.7983418603515624,24.0,0.0794931177959975,0.10952592770896838,0.0794931177959975
AC,AC.MX,2026-10-30 20:00:00+00:00,amc,2026-11-02,0.21099955591232916,0.013944137938501355,0.029483610037414287,,,,,,0.01747618807832375,0.01747618807832375
UBER,UBER,2026-11-03 12:00:00+00:00,bmo,2026-11-03,0.34486484705081777,0.05584772613526834,0.09203753257737901,0.1067733143304849,0.4210262976074218,0.4351863122558594,29.0,0.0,0.06999395516533181,0.06999395516533181
PLTR,PLTR,2026-11-02 20:00:00+00:00,unknown,2026-11-03,0.5332486393860434,0.13298012687005845,0.25955261635174054,0.156083666371475,0.5924418197631836,0.4722647988891602,29.0,0.12134570869156595,0.16666399300624427,0.12134570869156595
PFE,PFE,2026-11-03 12:00:00+00:00,bmo,2026-11-03,0.2382058016270867,0.028520698074300688,0.05072897722407532,,,,,,0.035744990896521056,0.035744990896521056
FANG,FANG,2026-11-02 20:00:00+00:00,unknown,2026-11-03,0.34145560176251283,0.01780752368188243,0.033838982380274274,0.1180825810245934,0.4072324902343749,0.3831238446044922,39.0,0.05430376098234478,0.022318169430503253,0.05430376098234478
GCARSO,GCARSOA1.MX,2026-11-02 20:00:00+00:00,unknown,2026-11-03,0.3635151196007715,,,,,,,,,
SHOP,SHOP,2026-11-03 12:00:00+00:00,bmo,2026-11-03,0.5486900544751832,0.11193645004199415,0.2008912392843385,0.1796995563212203,0.6828034649658205,0.5720867987060547,29.0,0.12644687586680994,0.14028995283763127,0.12644687586680994
AMD,AMD,2026-11-03 20:00:00+00:00,unknown,2026-11-04,0.6729489233093058,0.09117603113798578,0.1980354443035317,0.1506041414564538,0.5699353309631348,0.5109759596252441,29.0,0.08563872192883862,0.11427091982523759,0.08563872192883862
RIVN,RIVN,2026-11-03 20:00:00+00:00,unknown,2026-11-04,0.596086707985605,0.10693221984557233,0.23701360522646642,0.1686340662505494,0.6347692773437501,0.5722699023437501,29.0,0.09317453829082376,0.1340181511324558,0.09317453829082376
UPST,UPST,2026-11-03 20:00:00+00:00,unknown,2026-11-04,0.6302850667746502,0.1635015761069898,0.359915845129974,,,,,,0.20491652533489033,0.20491652533489033
NCLH,NCLH,2026-11-04 12:00:00+00:00,bmo,2026-11-04,0.4776984117613229,0.0958518662944573,0.16923540028265993,,,,,,0.12013114402684334,0.12013114402684334
TX,TX,2026-11-03 20:00:00+00:00,unknown,2026-11-04,0.29982896314879004,0.04527837062773776,0.0827723589937639,0.1219400388485664,0.5958292370605469,0.7017852087402345,39.0,0.0,0.05674738190774374,0.05674738190774374
FUBO,FUBO,2026-11-04 12:00:00+00:00,bmo,2026-11-04,0.6932726817863827,0.1253199019530277,0.2540577692520216,,,,,,0.15706343311772963,0.15706343311772963
MCD,MCD,2026-11-05 12:00:00+00:00,bmo,2026-11-05,0.20266451533648197,0.02163245274709369,0.054508949847747346,0.0631154015376442,0.2446364599609374,0.2173845352172851,29.0,0.03806520514284977,0.027111953027932522,0.03806520514284977
DVN,DVN,2026-11-04 20:00:00+00:00,unknown,2026-11-05,0.3513822311520519,0.03301240344943002,0.10048308634339875,0.1023201125296961,0.4216366430664062,0.4116269775390624,29.0,0.030981306064249068,0.04137444524317064,0.030981306064249068
ETSY,ETSY,2026-11-04 20:00:00+00:00,unknown,2026-11-05,0.5142709444197262,0.08010584899660977,0.13498565733640078,,,,,,0.10039666054745104,0.10039666054745104
QCOM,QCOM,2026-11-04 20:00:00+00:00,unknown,2026-11-05,0.5263429900899742,0.06282260749405522,0.14885983563195904,0.1439069211826802,0.5412338357543947,0.4982044808959961,29.0,0.07174316087189457,0.07873557397229941,0.07174316087189457
MARA,MARA,2026-11-04 20:00:00+00:00,unknown,2026-11-05,0.8750350670564213,0.061650601866653165,0.13883532545229915,0.2166666633068385,0.8149432568359375,0.7900411621093749,29.0,0.06781910892809372,0.07726669931947641,0.06781910892809372
NVAX,NVAX,2026-11-05 12:00:00+00:00,bmo,2026-11-05,0.588077070921262,0.07867401282715047,0.15933105674200565,,,,,,0.0986021402762677,0.0986021402762677
LCID,LCID,2026-11-04 20:00:00+00:00,unknown,2026-11-05,0.8195114965807163,0.06968498836502457,0.15360136004936997,0.2608695594908916,0.9921901660156252,0.937500625,29.0,0.11020333310682152,0.0873361959178853,0.11020333310682152
MELI,MELI,2026-11-04 20:00:00+00:00,unknown,2026-11-05,0.3980510694054274,0.07256777006896775,0.17511924162018744,0.1225672788416903,0.5058872043609619,0.4299335266494751,29.0,0.0904418553847076,0.09094918622743729,0.0904418553847076
MRNA,MRNA,2026-11-05 12:00:00+00:00,bmo,2026-11-05,1.287757767206813,0.04135701611863574,0.06726784930461882,0.263033779786104,1.0027185874938964,1.0010706481933591,29.0,0.019493748276741874,0.051832748301486174,0.019493748276741874
AFRM,AFRM,2026-11-05 20:00:00+00:00,unknown,2026-11-06,0.5952869070196712,0.08905782727580258,0.19096867935160855,,,,,,0.11161617492476338,0.11161617492476338
ABNB,ABNB,2026-11-05 20:00:00+00:00,unknown,2026-11-06,0.326158405678,0.06928610181103945,0.1590488264560559,0.1106476478065842,0.4635063415527343,0.4162656030273437,29.0,0.06915795170226682,0.08683627139977575,0.06915795170226682
BRKB,BRK-B,2026-11-07 20:00:00+00:00,unknown,2026-11-09,0.16437441748204604,0.010669713608741915,0.010669713608741915,0.0505969556119263,0.1716849189758301,0.1637046520996094,39.0,0.020352394763996258,0.013372352065836243,0.020352394763996258
XYZ,XYZ,2026-11-09 20:00:00+00:00,unknown,2026-11-10,0.434689267046785,0.1094805120242921,0.22798085516782685,0.1474778267183543,0.4877980908203125,0.5159960510253907,39.0,0.0,0.13721192572004529,0.13721192572004529
PINS,PINS,2026-11-09 20:00:00+00:00,unknown,2026-11-10,0.4647943610212979,0.13425387442519088,0.23544977353476426,,,,,,0.16826038081709174,0.16826038081709174
OXY1,OXY,2026-11-09 20:00:00+00:00,unknown,2026-11-10,0.3543768955513727,0.04575371071764034,0.09493121531465398,,,,,,0.05734312564241864,0.05734312564241864
DIS,DIS,2026-11-12 12:00:00+00:00,bmo,2026-11-12,0.24317551482419825,0.05624968888299009,0.10076628389867981,,,,,,0.07049773507705148,0.07049773507705148
NU,NU,2026-11-12 20:00:00+00:00,unknown,2026-11-13,0.39249570188592336,0.07005910440668506,0.2171457451904546,0.1539100531763206,0.508793974609375,0.5039112109375,39.0,0.02766345388130093,0.08780507555289839,0.02766345388130093
CSCO,CSCO,2026-11-12 20:00:00+00:00,unknown,2026-11-13,0.29249196565433927,0.06134383136239452,0.13096546762904016,0.1223284585926914,0.4062559375,0.3331365515136718,39.0,0.09147150365489674,0.07688222384648906,0.09147150365489674
AMAT,AMAT,2026-11-12 20:00:00+00:00,unknown,2026-11-13,0.6025800072265618,0.06690340668997541,0.14187888610737076,0.1779122786857246,0.5833018965148926,0.5468337553405762,39.0,0.07986456575218248,0.08385003960454619,0.07986456575218248
