a,b,vol_pair,rho,corr_ipc
RIOT,MARA,0.8897133769542702,0.8731862841648695,0.30405254484117017
LCID,MRNA,0.7907117840072754,0.2364437816045802,0.21357625960346513
RIOT,MU,0.7683149061764192,0.6802317864254913,0.3220711790867822
MARA,MU,0.7558335396922204,0.6222868049618372,0.27271860394189823
RIOT,INTC,0.7227280839810801,0.5566383439279053,0.32761038617349847
MRNA,MARA,0.7204717119595275,0.14238318903837585,0.2911709639282042
LCID,RIOT,0.7202670417267086,0.09548850771167296,0.3230079309989376
MRNA,RIOT,0.7144016549161321,0.12500711843193604,0.3535215548570238
LCID,MARA,0.7140281727058615,0.07480294032928522,0.2674949755765118
MARA,INTC,0.7049079048885561,0.4762549637719374,0.2748102396903864
RIOT,AMD,0.7047719916378725,0.5846313405250232,0.3354754484941205
RIOT,AMAT,0.701157840128818,0.6256325126538292,0.34240154888280466
MU,INTC,0.6994153629574225,0.8040585544287912,0.24217047059667862
MRNA,NVAX,0.6979013012726518,0.7376192130800471,0.21568405276287098
MARA,AMAT,0.6956921666869209,0.5957147781269899,0.2865925496354233
MARA,AMD,0.6956547341789935,0.5391189992758387,0.2791020187307474
MRNA,INTC,0.6911645657642219,0.30189998025041653,0.25071805093605626
MRNA,MU,0.6821973655041734,0.21321484638632152,0.2721984187814559
LCID,RIVN,0.6820955938179754,0.3913965540014933,0.2809235312625428
MU,AMD,0.6743760977841279,0.8139572909163323,0.2520072721897069
MRNA,RIVN,0.6709024423714199,0.4241973251268845,0.3133811807375376
MRNA,SPCE,0.6628934089614865,0.36643443286270116,0.24772428415272027
MU,AMAT,0.6585679701183338,0.8014508006776642,0.2661364253652644
MRNA,AMD,0.6575021485232941,0.24845257431425954,0.2642897351732475
MRNA,FUBO,0.6567697234019291,0.19270462627768423,0.13943097886284617
