name,kind,price_mxn,vol_60d,vol_250d,vol_ex_earnings,vol_robust_60d,max_abs_day_60d,corr_ipc,n_past_earnings,mean_abs_earnings_move,max_abs_earnings_move
LCID,sic,70.03617240138055,1.0840016809104982,0.8283811918153998,0.8195114965807163,1.0817078732484593,0.24727197822174674,0.21969186450006248,8,0.06968498836502457,0.15360136004936997
MRNA,sic,3559.2903518535604,2.3096353871782576,1.280402930587361,1.287757767206813,1.0628893739623058,1.0204872897356392,0.13429444234324373,8,0.04135701611863574,0.06726784930461882
RIOT,sic,396.0047868396759,0.9780997017583498,0.880392247131325,0.8786769714190475,0.9780997017583498,0.19316918108447378,0.3708210952198288,8,0.08739003248142374,0.1942245473037243
MARA,sic,220.51081980209344,0.9432501613549569,0.8743095617740096,0.8750350670564213,0.9432501613549569,0.16252427126383218,0.25052798721185904,8,0.061650601866653165,0.13883532545229915
MU,sic,18890.75628806837,0.8053591087634319,0.7934548960277785,0.7790592830890276,0.8053591087634319,0.16884122635165966,0.30784955429618116,7,0.08105898200476654,0.16657517681925516
INTC,sic,2075.0793834762594,0.7535420892557965,0.794324588921653,0.7419945075036715,0.7535420892557965,0.1182701508926165,0.28556626418405784,8,0.09128332970168918,0.21613772248614715
FUBO,sic,169.12705043716412,0.7321278542376276,0.7642955036926614,0.6932726817863827,0.7321278542376276,0.17171934853222748,-0.0038379648638813663,9,0.1253199019530277,0.2540577692520216
AMD,sic,10879.01228255767,0.6867865583560505,0.7206564644266286,0.6729489233093058,0.6867865583560505,0.12249523697490439,0.26995014256432454,8,0.09117603113798578,0.1980354443035317
AMAT,sic,8695.515312817006,0.6833687453265348,0.6054101725524502,0.6025800072265618,0.6833687453265348,0.13977191491306407,0.3741027609190258,8,0.06690340668997541,0.14187888610737076
MFRISCO,mx,19.07999992370605,0.6730118328282039,0.7340723985176867,0.7340723985176867,0.6730118328282039,0.13677367235086146,0.21444305642758052,0,,
RIVN,sic,266.15719074682596,0.6677874984447723,0.6894810995241019,0.596086707985605,0.630110044729743,0.20542628428828813,0.27964596070338243,8,0.10693221984557233,0.23701360522646642
CLF,sic,198.98882386379228,0.618991967486871,0.7059612161739922,0.63825407447001,0.618991967486871,0.14809387258043838,0.2513397779465955,8,0.1231072751198915,0.1939700942470015
SHOP,sic,2553.585311534116,0.6114555126469651,0.5988378543431971,0.5486900544751832,0.6114555126469651,0.15270568923714567,0.1330837782680417,8,0.11193645004199415,0.2008912392843385
SPCE,sic,57.30232209639553,0.6106293739430745,1.099061257963904,1.0953498871814513,0.6106293739430745,0.09822592649160988,0.06824759388976248,8,0.11124493561985549,0.3642028147719527
PLTR,sic,3370.1658153251624,0.7306952857770348,0.6031155286375793,0.5332486393860434,0.592229192635581,0.25955261635174054,0.07280832564255421,8,0.13298012687005845,0.25955261635174054
SOFI,sic,285.0768247211454,0.5441310563811671,0.5836193735084851,0.5748362151159289,0.5441310563811671,0.09784109709517885,0.23409832224363422,8,0.06032229001426481,0.10549273182327923
ORCL,sic,2384.0993476478616,0.5381444982510625,0.5700501624287614,0.5489404031807379,0.5381444982510625,0.08581869744370518,0.12275020188800768,8,0.10205982579945905,0.30553253906221833
CRM,sic,4106.038821519469,0.581181834754895,0.4771014599928279,0.4309061808732802,0.528937061000083,0.20356821720325868,-0.089805209427781,8,0.06268307387981009,0.20356821720325868
USO,etf,2678.4127545639058,0.5237307984165713,0.5010633474722821,0.5010633474722821,0.5237307984165713,0.09561650998716242,-0.3039576816212293,0,,
META,sic,12882.351941836532,0.5172969391524093,0.41458974249635683,0.36958849725919396,0.5172969391524093,0.11114914180330615,0.17107939519430654,8,0.07321434529741677,0.11810990522832299
AFRM,sic,1220.2973800827021,0.5114800080918577,0.603390055574283,0.5952869070196712,0.5114800080918577,0.06452994875308082,0.12440281645363094,8,0.08905782727580258,0.19096867935160855
SOXX,etf,10051.850194761646,0.5097500759963353,0.47183289235884956,0.47183289235884956,0.5097500759963353,0.08189383342366341,0.3959100638288091,0,,
NVAX,sic,195.76051848659517,0.5085362093058456,0.6201349080951175,0.588077070921262,0.5085362093058456,0.10471171866031437,0.2573541828412432,8,0.07867401282715047,0.15933105674200565
FSLR,sic,3096.298296853638,0.5027609049297277,0.5562950003861661,0.5190169709849999,0.5027609049297277,0.09546107300402973,0.19675209478176636,8,0.07016156934001594,0.15093082104024624
PINS,sic,330.2909567327879,0.4902314051599924,0.5615084695539306,0.4647943610212979,0.4902314051599924,0.09911546954429351,-0.05053323297235395,8,0.13425387442519088,0.23544977353476426
GDX,etf,1582.0462864707952,0.4867333498357065,0.51463574066896,0.51463574066896,0.4867333498357065,0.09178293075081267,0.519353862586984,0,,
UPST,sic,411.87726547203056,0.48479219891475817,0.657925412478355,0.6302850667746502,0.48479219891475817,0.06759515597969656,0.12281102469611677,8,0.1635015761069898,0.359915845129974
QCOM,sic,3362.812399864197,0.4816375023872699,0.5518051224236269,0.5263429900899742,0.4816375023872699,0.0925591330961435,0.2678730546105562,8,0.06282260749405522,0.14885983563195904
TSLA,sic,6415.25976533012,0.5312251054575045,0.47104229320345403,0.4441241361281226,0.48125596922520764,0.15707446834450423,0.33286321202593666,8,0.07617143627028033,0.19296986717307796
AA1,sic,759.0091719253542,0.4764520256717416,0.561735377292755,0.544939500594529,0.4764520256717416,0.09242831042970945,0.2870189656377484,8,0.05629735658572421,0.11891711837601715
NCLH,sic,259.6091241111754,0.4652866891131237,0.5310355313808309,0.4776984117613229,0.4652866891131237,0.10264987371889145,0.2644330215979747,8,0.0958518662944573,0.16923540028265993
AAL,sic,243.10892323417644,0.45926100182210333,0.482969594429,0.46897677594111237,0.45926100182210333,0.08697065178396102,0.2528453459189379,8,0.0609619914071694,0.10693190748927339
FCX,sic,1295.2656833236688,0.45834140921828803,0.5156655577364536,0.49920371149103093,0.45834140921828803,0.07327599560606579,0.4928271662655443,8,0.04169879378445829,0.13373584391149418
BABA,sic,1958.860663563537,0.44610690039607664,0.43078396532864693,0.42102099134249665,0.4390179237769201,0.11295727931959654,0.23508454204625467,8,0.06090086782096493,0.12132136687991668
NU,sic,220.33146570243844,0.438985121773148,0.40716976869653826,0.39249570188592336,0.438985121773148,0.08994872419315936,0.3380095843689384,8,0.07005910440668506,0.2171457451904546
ETSY,sic,1234.645297555544,0.4367549087198196,0.5468512037932801,0.5142709444197262,0.4367549087198196,0.07420901794222257,0.04814018200596108,8,0.08010584899660977,0.13498565733640078
ZM,sic,1570.2092579765304,0.40915112905989703,0.441506378790875,0.39947363368611083,0.40915112905989703,0.07288476455605952,0.12284930222317249,8,0.07975075757196826,0.12427973976795048
QCLN,etf,858.5484052780157,0.40181518730355015,0.4217053193844362,0.4217053193844362,0.40181518730355015,0.06821823785002223,0.41245749232344664,0,,
ABNB,sic,2816.3329442436225,0.47815255088699904,0.3636611885907886,0.326158405678,0.40104219510296274,0.1590488264560559,0.15971421177371312,8,0.06928610181103945,0.1590488264560559
NVDA,sic,4124.18016543117,0.40090484909834156,0.3863059358187986,0.37316945050220357,0.40090484909834156,0.08374120451146894,0.2526865885141835,8,0.04377867987084949,0.09166153904611019
UAL,sic,2009.6167448921185,0.39833199876597347,0.48899437232038734,0.4846216387330305,0.39833199876597347,0.05465529559311921,0.2878658198618275,8,0.04195130065384389,0.13103989467728727
SLV,etf,987.3199280853805,0.3979700317333029,0.64833569668865,0.64833569668865,0.3979700317333029,0.05563667123004823,0.42846082625810716,0,,
AVGO,sic,6280.029716103745,0.39680638213848857,0.47341951879078636,0.4356658907490284,0.39680638213848857,0.06540644996229439,0.2571534651287951,8,0.09694858126918682,0.22241010886808965
GME,sic,428.55682044868445,0.43703807396273303,0.40904106501099585,0.40395984490858605,0.3956362433363461,0.13305918756078405,0.042310916964479334,6,0.061087121252512144,0.10993753507136184
CAT,sic,14681.769650095375,0.3818408451001676,0.4078266009321582,0.3767947248377164,0.3818408451001676,0.07193763148606358,0.4135538057336859,8,0.04732395293009728,0.11201289230665346
PYPL,sic,971.0905542934415,0.5085230285891681,0.45980375790014977,0.387935766391753,0.38104359148436073,0.15302970109963354,0.0714991362257329,8,0.08763567337123901,0.23232619024486834
FANG,sic,3322.5484136363957,0.3797600006329434,0.34258708874465194,0.34145560176251283,0.3797600006329434,0.08223489797953931,-0.20988290758776118,8,0.01780752368188243,0.033838982380274274
TSM,sic,8130.677769516769,0.37709616431628656,0.41004773171121667,0.4084208193923859,0.37709616431628656,0.07396375516235665,0.33326629206598785,8,0.03712073292007978,0.10371152510458792
NFLX,sic,1239.3084357299813,0.37688937492555924,0.37287162655041206,0.3380587837767733,0.37688937492555924,0.07329152368223912,-0.008454001335331309,7,0.07894970648302861,0.10423142340238467
XYZ,sic,1324.2306691478734,0.3707152185180107,0.47623093998628835,0.434689267046785,0.3707152185180107,0.06482770963547235,0.18989346526772494,8,0.1094805120242921,0.22798085516782685
VOLAR,mx,12.1899995803833,0.368745854205451,0.4685692005733783,0.47050927010276167,0.368745854205451,0.06858712187588578,0.42570195747894213,8,0.06188243097335344,0.14768513767245528
CSCO,sic,1913.3057485000609,0.3679824217605725,0.35602196059425145,0.29249196565433927,0.3658109105220216,0.08860099246943332,0.1568828003997806,8,0.06134383136239452,0.13096546762904016
LUV,sic,760.5264467176676,0.3627528441607302,0.43996462390248414,0.3957651422017037,0.3627528441607302,0.064038989798056,0.26664804515881935,8,0.07210261949262187,0.1706777684327614
DVN,sic,838.5509191867823,0.3609786166848568,0.36696672460747354,0.3513822311520519,0.3609786166848568,0.05645535619098663,-0.21529466587557672,8,0.03301240344943002,0.10048308634339875
TAN,etf,773.6261718601236,0.360596000882566,0.3911274691049086,0.3911274691049086,0.360596000882566,0.05408023991582134,0.35180795147071847,0,,
RCL,sic,4403.042368888855,0.35667546957335283,0.4766072159864479,0.43200791303740027,0.35667546957335283,0.06401271042988732,0.21196788867934183,8,0.07094469851483431,0.17026355542386362
GOOGL,sic,6128.389536445611,0.35398025520210186,0.32452326538360443,0.2997360947889531,0.35398025520210186,0.07414146850068626,0.21367415721894398,8,0.04037559544004532,0.1030570104678965
OXY1,sic,1007.9469836692806,0.35365432320598394,0.375999076659905,0.3543768955513727,0.35365432320598394,0.06624004928526173,-0.22454006979410135,8,0.04575371071764034,0.09493121531465398
BA,sic,3332.950746166607,0.3497352743834117,0.35163280287620124,0.3437051406094643,0.3497352743834117,0.07479533579978614,0.2603609098523685,8,0.03679284872426636,0.05443342532947426
CCL1,sic,399.5918004161831,0.34952072833797937,0.48364736455272866,0.47209916404130187,0.34952072833797937,0.057121295293476315,0.36387522387278914,7,0.05034520423375482,0.09255821513487028
UBER,sic,1222.539255015945,0.3455032924982934,0.3637415666441283,0.34486484705081777,0.3455032924982934,0.060948935780160696,0.10404464414595985,8,0.05584772613526834,0.09203753257737901
MELI,sic,30828.47101987456,0.34128045233843535,0.4293932184991373,0.3980510694054274,0.34128045233843535,0.07201611424713406,0.2237875264679789,8,0.07256777006896775,0.17511924162018744
PE&OLES,mx,889.989990234375,0.33990586184011656,0.5033037655677327,0.5033037655677327,0.33990586184011656,0.0586180710273041,0.6251433963947031,0,,
AMZN,sic,4407.705370230106,0.401719363276727,0.3437826587470631,0.2984303956254914,0.33957196837391357,0.13694019601674512,0.1598602958484603,8,0.06026541521763695,0.13694019601674512
MSFT,sic,9141.469446723933,0.3937929764201146,0.32865474326767513,0.27370336293567205,0.33765768490041354,0.1444625778406845,0.042316093445337793,8,0.0690357733004936,0.1444625778406845
DAL,sic,1507.0779832298285,0.3303501963251701,0.4012307249792065,0.400436087970686,0.3303501963251701,0.0439515893271496,0.2690569917900671,7,0.06391369031308727,0.21685396779050503
NKE,sic,653.2823418636326,0.3261788285787686,0.38534001691597797,0.31353431683210153,0.3261788285787686,0.048999232785247315,0.08335107180184607,8,0.08387988506374955,0.18264211050039236
GCARSO,mx,140.82000732421875,0.32310297160318363,0.3635151196007715,0.3635151196007715,0.32310297160318363,0.06219342220210855,0.45593141534213977,0,,
GM,sic,1452.1969286506646,0.32290941539912593,0.352177119270959,0.31178625394957954,0.32290941539912593,0.056842436534399354,0.20348385429920599,8,0.06794503702517096,0.14044793786090093
GMEXICO,mx,224.30999755859372,0.3121975191651086,0.40210970899961274,0.40383049792593884,0.3121975191651086,0.05999191793450187,0.7406049510871903,9,0.016157163614812713,0.03937349025824943
GE,sic,5683.242718341062,0.3071911943797329,0.33685152707035354,0.3194695111797751,0.3071911943797329,0.049839341612418764,0.3636601419839249,8,0.0529377252084573,0.0901842636863801
F,sic,222.14110170259121,0.30501859876497134,0.38442870482794744,0.36926998317851684,0.30501859876497134,0.04229345389642791,0.2020617505738129,8,0.04610998712908565,0.11222458696235282
LLY,sic,21332.604713891633,0.304062543950543,0.3643270368400632,0.3364144583137963,0.304062543950543,0.046258621706245506,0.047420080500278,8,0.08191080499115455,0.15946456671786713
MRK,sic,2666.6653518070234,0.34478244250868234,0.31178920665520254,0.3138082393263178,0.2893754043174003,0.12041221872990437,0.1503431920517695,8,0.02484159723283552,0.13282073425660545
XLK,etf,3491.944341285707,0.28864023701017716,0.2796725458333394,0.2796725458333394,0.28864023701017716,0.05383695502243224,0.3632345619948703,0,,
TMO,sic,12128.363863702398,0.2948408748159323,0.3191555384385533,0.29299247575696324,0.2865664435517237,0.08337920019499201,0.06926542462903727,8,0.05056417412897862,0.09532046367255198
GENTERA,mx,36.310001373291016,0.2858772602066641,0.3531520184605716,0.35253885184190176,0.2858772602066641,0.056703370928632424,0.393579377678952,7,0.02867932719057688,0.046316974768772834
AAPL,sic,6074.135725194938,0.30502592530155187,0.2630017090886033,0.24969657925869476,0.285738926054139,0.08198853846857368,0.14727196863326378,8,0.025249202759585643,0.08198853846857368
TGT,sic,2841.4418340293923,0.28521597210824506,0.31914759776849344,0.30871476308229095,0.28521597210824506,0.04565810095927958,0.08474978515127293,8,0.07041549160758809,0.25326965278060243
ICLN,etf,302.4737618881227,0.2824314882916544,0.31784945154382593,0.31784945154382593,0.2824314882916544,0.04663528293250341,0.4103152507886371,0,,
CVS,sic,1584.5571754493722,0.2819810779750171,0.32238796636739947,0.3129011136101305,0.2819810779750171,0.05804606192625794,0.10212866495460902,8,0.053740186832121895,0.13550381629694552
C,sic,2366.7026499389613,0.2790569525240833,0.2942671095882334,0.2862334195903424,0.2790569525240833,0.05327990799577709,0.2743894478728138,8,0.03700284241445728,0.05770018606334659
FEMSA,mx,212.97999572753903,0.2768730860291867,0.23743163471091244,0.23086954756215727,0.2768730860291867,0.05035326995424949,0.47462474572989116,8,0.029230059368095973,0.055388362584971595
GAP,mx,384.6400146484375,0.2742333307712864,0.314399701432991,0.3043242866317385,0.2742333307712864,0.058455968123754865,0.4800098518001882,8,0.02571276342332529,0.0596423930318446
TX,sic,979.2509434738166,0.2736861589355273,0.31904118193718767,0.29982896314879004,0.2736861589355273,0.060646701312853324,0.3395232389446696,8,0.04527837062773776,0.0827723589937639
DIS,sic,1881.3814713439933,0.2731165796609488,0.2719563560503068,0.24317551482419825,0.2731165796609488,0.04234151141368958,0.1819719160939115,8,0.05624968888299009,0.10076628389867981
OMA,mx,227.6000061035156,0.27300913137830013,0.29526730027968195,0.29174136489139085,0.27300913137830013,0.04610377432203361,0.5090925584821447,8,0.021013584412442943,0.04976789862030273
ALPEK,mx,14.850000381469728,0.2712978451361305,0.3762369438363715,0.37493760388838054,0.2712978451361305,0.05547470971881152,-0.07688735079756023,7,0.03325895211556259,0.05754551297313926
AAXJ,etf,2102.1612709831243,0.2684918764680655,0.2748532282281629,0.2748532282281629,0.2684918764680655,0.04065582528900791,0.437442988555106,0,,
XOM,sic,2907.711788415909,0.26454147199733113,0.2745379306276812,0.27563613196448106,0.26454147199733113,0.039333157373391714,-0.17064406185629932,8,0.012556554512014095,0.021426917640263277
WMT,sic,1952.224664501191,0.30736132021232243,0.277305445332397,0.2376806619912891,0.2636062769407362,0.10237509836971181,0.03926411756111909,8,0.04838124757255613,0.10237509836971181
LIT,etf,1224.3327275959018,0.26309138511389885,0.34130183244266576,0.34130183244266576,0.26309138511389885,0.045276728283326406,0.3955647259679603,0,,
VGT,etf,2246.717322892,0.2627152923912998,0.2663380661175654,0.2663380661175654,0.2627152923912998,0.04883005095112036,0.3647308218946801,0,,
BMY,sic,1140.4866187759399,0.2614713378217326,0.2865395473573535,0.2701827381564165,0.2614713378217326,0.040065917275966534,0.13598163801635904,8,0.04403295649385974,0.0706843624762099
BOTZ,etf,630.5945784858704,0.259509460073321,0.2793043170498644,0.2793043170498644,0.259509460073321,0.04984112706600374,0.41949606374464143,0,,
LVS,sic,694.7122152599331,0.2594731430028594,0.36514184672746536,0.29951437071734416,0.2594731430028594,0.044029027009488964,0.1397756301875809,8,0.07492384951897779,0.15105632569115723
EEM,etf,1203.976464888765,0.25934604396016275,0.2673301468187606,0.2673301468187606,0.25934604396016275,0.04073942402913033,0.4756051344421365,0,,
BOLSA,mx,38.41999816894531,0.25798047681094377,0.2677948454999952,0.2651686783557192,0.25798047681094377,0.04987774172112536,0.33135657300645927,7,0.021647598335150762,0.04640706525284699
T,sic,447.20920210495024,0.2568418421703518,0.26368735986158365,0.2604813844094481,0.2568418421703518,0.05613640554311328,-0.021196019766599128,8,0.026576056783972235,0.0634730477294907
AXP,sic,5483.805611853022,0.25620342159460635,0.2808281734851473,0.2678962625428439,0.25620342159460635,0.0375602969452995,0.15037124478412997,8,0.032118194880901285,0.06886063846445545
R,mx,139.27000427246094,0.2559927962639327,0.3037184646369221,0.3045722566120067,0.2559927962639327,0.041813313961388765,0.5162383886839771,6,0.01574995625486671,0.030694127693171147
CVX,sic,3698.645374330517,0.2548334099190568,0.2574009698029971,0.2539021221472961,0.2548334099190568,0.03995706977447355,-0.2335880546469118,8,0.022616310854426058,0.03829762139476678
CUERVO,mx,14.119999885559082,0.25399592309195035,0.3143529505900801,0.31315956969025666,0.25399592309195035,0.042060705437860335,0.1568606839949564,8,0.02280209033228786,0.041423298940653996
MEGA,mx,52.04999923706055,0.25394780594825883,0.3116545544846318,0.312500393461466,0.25394780594825883,0.05700638127625357,0.43842854486782307,6,0.009941909414154182,0.015470727844572707
KWEB,etf,443.35317448310883,0.25364537834690615,0.29012297321543146,0.29012297321543146,0.25364537834690615,0.042860073209427085,0.32072379146902513,0,,
GCC,mx,180.6999969482422,0.2534277159975199,0.2822173428793369,0.2775261606517678,0.2534277159975199,0.05529206131995412,0.5504224809897239,7,0.020612022934429826,0.04364007100103162
ORBIA,mx,19.5,0.25303108392381696,0.38644413078321366,0.3880008039382275,0.25303108392381696,0.047851552324905455,0.39032865732270766,7,0.013890597629459147,0.024453154221227624
GLD,etf,6794.495131997683,0.2502427410666899,0.291982827231537,0.291982827231537,0.2502427410666899,0.039396511903555975,0.4782187522020706,0,,
HD,sic,5216.3947041358915,0.2496071957113444,0.2650342385668493,0.2596305704214128,0.2496071957113444,0.035306098888554516,0.2669871008815353,8,0.02167258994071708,0.05520422460962138
CEMEX,mx,17.110000610351562,0.24917701486061775,0.3221569364152899,0.30560315121889386,0.24917701486061775,0.041751820199795286,0.6924573591510139,7,0.05926009478634001,0.12203702422392393
IAU,etf,1393.1907639877318,0.24897137657851245,0.28981527665863666,0.28981527665863666,0.24897137657851245,0.039340729642283634,0.47770267007426703,0,,
WFC,sic,1452.017540342713,0.24672564011128725,0.27694500436940717,0.25566940787885195,0.24672564011128725,0.040630130473967796,0.15241586532607718,8,0.047349534610644395,0.06749516930825816
VZ,sic,837.3528762193747,0.24292075621725265,0.26837906304282616,0.2328729233910261,0.24292075621725265,0.06321211991634268,-0.05989586264517964,8,0.03896192688993394,0.11620024478840385
ABBV,sic,4795.411532162398,0.23721024368728386,0.26875073217028056,0.2591513603886362,0.23721024368728386,0.042603297877692015,-0.0007259568803724843,8,0.037725781955330495,0.06291366632553697
XLE,etf,1113.9428277763363,0.23042565175617785,0.2399262479817669,0.2399262479817669,0.23042565175617785,0.041727155970537666,-0.15754612725999134,0,,
FDX,sic,5185.546483161161,0.22963908392052093,0.2956219468955035,0.2969071180222402,0.22963908392052093,0.03694936015364192,0.29281300752145334,7,0.02050663272968554,0.061476230945654464
EWZ,etf,650.2334247943872,0.22958330379153982,0.27668239531130534,0.27668239531130534,0.22958330379153982,0.04020335908612971,0.4736107356511628,0,,
MCD,sic,4203.214193152817,0.22905459599740946,0.2062182810781994,0.20266451533648197,0.22905459599740946,0.04520918906241178,0.11269339142917056,8,0.02163245274709369,0.054508949847747346
SITES1,mx,16.450000762939453,0.22685545150874362,0.33962896499938383,0.3379993426687433,0.22685545150874362,0.04095952391423374,0.1669691015687292,6,0.025826294816290913,0.0618754078803323
GFNORTE,mx,193.32000732421875,0.2254459840702195,0.27369491815917113,0.268195027750513,0.2254459840702195,0.03277247314508447,0.6872548139813617,7,0.021019164934654784,0.05288165105900955
JNJ,sic,4882.175813941576,0.22417862449836373,0.20475239599445783,0.20324471411493739,0.22417862449836373,0.0385572813055397,0.08620213958473023,8,0.018499971833422113,0.06293102164401088
PEP,sic,2305.8132501255022,0.2236826589743638,0.22253547998256903,0.21308217204628127,0.2236826589743638,0.0428562356188813,0.03807441268256338,8,0.04432811865515318,0.08391931770599736
MA,sic,10191.38392138062,0.22315859488739376,0.24168941855281215,0.23597132664969117,0.22315859488739376,0.03543539308256527,-0.003578944451575383,8,0.021462678560025372,0.041258385933403474
BAC,sic,995.1234563144681,0.22443492111693175,0.22856989146879558,0.21993915639235978,0.22237435981599477,0.05327998617173435,0.2022840366442167,8,0.02186647970605049,0.04528526696266244
COST,sic,16510.781640004716,0.22209682652439838,0.22290617033459423,0.21398710568018078,0.22209682652439838,0.04055201893952187,0.07547680185256432,8,0.029862402532462307,0.06875186936221667
UNH,sic,6741.048636549385,0.22143187007552972,0.3560080655764883,0.2738328215885535,0.22143187007552972,0.02732803276542306,0.09728335344058082,8,0.09575961857233062,0.2638366046080698
V,sic,6621.780999567418,0.2202037241602654,0.23937237380000823,0.22527764993841354,0.2202037241602654,0.03449584127907457,0.061087689592519014,8,0.021474658474275543,0.07983804955309637
KO,sic,1568.05700878067,0.21872213278952427,0.20107451435419088,0.18806546482684455,0.21872213278952427,0.04895685373750425,0.0027339328332346693,8,0.028954435964904768,0.04895685373750425
ASUR,mx,435.25,0.2207891025140466,0.2446092659552342,0.2447071070818184,0.21779202176798534,0.05646091443046153,0.5404353475299667,7,0.01793189709776564,0.05546579676732488
CHDRAUI,mx,87.58000183105469,0.2155523825202021,0.2219404290001657,0.2216634338714728,0.2155523825202021,0.04598373864148009,0.4043489423683087,8,0.013504609731313955,0.025453293357894147
SBUX,sic,1713.330477088166,0.21347542189894028,0.28405987478530514,0.27299737729140333,0.21347542189894028,0.028951098494921723,0.23160575051241097,8,0.03321513746882221,0.08155474674065477
QQQ,etf,13214.509576904238,0.2131015577589606,0.217453553038994,0.217453553038994,0.2131015577589606,0.03479455159882683,0.393617368265795,0,,
ALSEA,mx,45.59999847412109,0.21251162990997124,0.26317955842701574,0.26309236440254463,0.21251162990997124,0.03853606311141622,0.3658033683029196,8,0.024051207543435205,0.05246806368759982
PSQ,etf,446.5725172865678,0.20919903586921837,0.21175369835638688,0.21175369835638688,0.20919903586921837,0.03321468494327018,-0.4151934874607897,0,,
AGNC,sic,170.2031408267976,0.20826112683508693,0.21478862692989525,0.2131500305348649,0.20826112683508693,0.03982457722488775,0.3476043749127614,8,0.019134752867894456,0.03166453645637457
KOF,mx,193.7400054931641,0.2072755072810214,0.2399731948730314,0.2286611614945171,0.2072755072810214,0.0527424458992769,0.4202195567486501,8,0.03451128507133139,0.0527424458992769
Q,mx,153.82000732421875,0.25355357523101935,0.3068285721074445,0.30439565210288766,0.20364444811425111,0.09022932267612571,0.31115039140566864,5,0.03551620314639035,0.09717327774475581
LAB,mx,12.920000076293944,0.2031426140836549,0.30350975622501675,0.3021368043666175,0.2031426140836549,0.03509131981127034,0.38631785553525816,7,0.02318211062113429,0.07032996725813856
BBAJIO,mx,57.70000076293945,0.20246362523223418,0.2718833104230012,0.26316700610427246,0.20246362523223418,0.027165131146424493,0.5031520268139216,8,0.02589036165971803,0.06123433488012742
JPM,sic,6042.480735750578,0.2001244490860308,0.2324224099158589,0.22613649058514979,0.2001244490860308,0.03618694708434411,0.24741150538705645,8,0.027850860543457978,0.051994284921407896
WALMEX,mx,47.09999847412109,0.19728433122600691,0.21715776916448493,0.2146906880149297,0.19728433122600691,0.029967812585887543,0.43910843429108637,8,0.027227881971643275,0.07236429354813145
BIMBO,mx,56.29999923706055,0.19582999463679823,0.27732274083765474,0.2723552498092356,0.19582999463679823,0.03351331012614622,0.446232719619404,8,0.027020515049460625,0.06261131280374599
PFE,sic,516.3486510444636,0.19372365897639082,0.24116838417098269,0.2382058016270867,0.19372365897639082,0.0374359087136229,0.16252287830097187,8,0.028520698074300688,0.05072897722407532
PG,sic,2676.0813907264674,0.1927649573335766,0.2065537207606441,0.205205652860095,0.1927649573335766,0.031180580887411047,0.09189736579683992,8,0.01809328810487898,0.0376585911372338
FIBRAPL,fibra,73.94999694824219,0.19051018657270627,0.24643235556837198,0.24643235556837198,0.19051018657270627,0.03696687240400465,0.2662214046946364,0,,
GFINBUR,mx,41.72999954223633,0.1880364345449119,0.2363499914196243,0.232870043950879,0.1880364345449119,0.03575846008926131,0.5720883183677974,8,0.021082361933021876,0.029911224885651233
GRUMA,mx,238.4900054931641,0.18575777630255474,0.19834254943876903,0.1826172836335507,0.18238297331718592,0.044998210055446464,0.3646930504190741,7,0.019536093297576964,0.08010128182227749
XLV,etf,3071.0098819267296,0.18183067095055672,0.17939642927830682,0.17939642927830682,0.18183067095055672,0.03620522793186254,0.14386664194572732,0,,
AC,mx,198.08999633789065,0.1781180121912511,0.2115516036133567,0.21099955591232916,0.1781180121912511,0.044602093105513774,0.5695018783912954,8,0.013944137938501355,0.029483610037414287
VESTA,mx,58.59999847412109,0.1757349705167822,0.2123656164740469,0.19845914183788663,0.1757349705167822,0.04159579311592054,0.42074583372881175,8,0.029906960889448053,0.05873414885665973
AMX,mx,19.5,0.17550169680012892,0.2432304106189266,0.23930419463418487,0.17550169680012892,0.03784752246621936,0.50205222160353,7,0.017434255757351722,0.04391323039402595
VEA,etf,1278.855142392349,0.1727372680424657,0.19547947009880628,0.19547947009880628,0.1727372680424657,0.030869007036973706,0.5264634715646013,0,,
MCHI,etf,942.3945140979777,0.17081140806523,0.21232804059097,0.21232804059097,0.17081140806523,0.02877142765613616,0.395043903738557,0,,
LIVEPOL,mx,105.04000091552734,0.1668861275974265,0.1856844073020031,0.1867924856156515,0.16511101602262868,0.04105582441144051,0.2476749618029482,8,0.010841858263731075,0.027962165179383547
FUNO,fibra,29.600000381469727,0.16468988498450896,0.22647361166461977,0.22647361166461977,0.16468988498450896,0.023749503663522464,0.4249502951057332,0,,
PINFRA,mx,267.2300109863281,0.16251377405543194,0.2490656896181192,0.24860360111520857,0.16251377405543194,0.03085279525470863,0.67283524452703,8,0.010914690060435994,0.02767223988498113
VWO,etf,1070.629787646103,0.16138369931857333,0.19439202888302926,0.19439202888302926,0.16138369931857333,0.02548160121535048,0.5006134213957932,0,,
BRKB,sic,9022.470550120926,0.1560760462329933,0.16439097561553848,0.16437441748204604,0.1560760462329933,0.030301266187679587,-0.03126685429240907,1,0.010669713608741915,0.010669713608741915
KIMBER,mx,39.2400016784668,0.14968384335818688,0.24384553562104092,0.24392234351434486,0.14968384335818688,0.028942561926373234,0.4858820744514048,7,0.012522895162206473,0.01990738481247112
XLF,etf,972.5253186740882,0.14652563409497113,0.16376792051853842,0.16376792051853842,0.14652563409497113,0.02278503859607106,0.19720346744926606,0,,
VNQ,etf,1622.758811885069,0.14622241225665092,0.15949860756912998,0.15949860756912998,0.14622241225665092,0.02768797618822827,0.17813529697285974,0,,
VT,etf,2849.0642635356926,0.1400610004556184,0.16441703770426025,0.16441703770426025,0.1400610004556184,0.021301204602570678,0.46971292638904466,0,,
ACWI,etf,2866.371746006771,0.13968585514546344,0.16502022505425024,0.16502022505425024,0.13968585514546344,0.02101024025572862,0.4749339166452378,0,,
INDA,etf,844.1107252346045,0.136799517766945,0.17285113586829204,0.17285113586829204,0.136799517766945,0.01939948014644788,0.30523600136232104,0,,
DIA,etf,9220.382787574781,0.13591240439977892,0.15074126328000484,0.15074126328000484,0.13591240439977892,0.022315838213785355,0.3996188011662218,0,,
SPY,etf,13735.698428266915,0.13286859584751506,0.15405129751979516,0.15405129751979516,0.13286859584751506,0.019259144853004173,0.3909723245376131,0,,
VTI,etf,6744.817022515053,0.13277014323913694,0.15706666682353054,0.15706666682353054,0.13277014323913694,0.019889690415652694,0.395462614108577,0,,
VOO,etf,12625.369364955113,0.13192289122357154,0.1538296973856967,0.1538296973856967,0.13192289122357154,0.01929378412230598,0.38691705460656983,0,,
IVV,etf,13797.125582504668,0.13153473045143835,0.15422594013155952,0.15422594013155952,0.13153473045143835,0.019214320429753684,0.3924950888468656,0,,
FIBRAMQ,fibra,43.83000183105469,0.12855354579882192,0.20904991793157768,0.20904991793157768,0.12855354579882192,0.02172324253418001,0.2067697685503878,0,,
TLT,etf,1406.8196230637113,0.1233343214930178,0.13003377653100973,0.13003377653100973,0.1233343214930178,0.018267196755123116,0.16648885983438294,0,,
VYM,etf,2811.400928857038,0.10722406207121017,0.13394285762463037,0.13394285762463037,0.10722406207121017,0.01669177514370368,0.3362497752326487,0,,
SHY,etf,1454.5284293212899,0.07533764594064264,0.0865485915482789,0.0865485915482789,0.07533764594064264,0.01431429707238685,0.026912722288189393,0,,
SHV,etf,1977.7820934734336,0.07244701068116098,0.08413953953907526,0.08413953953907526,0.07244701068116098,0.014775009876986545,-0.008921386810596649,0,,
BIL,etf,1643.2047003295886,0.07219670239759796,0.0839903531461429,0.0839903531461429,0.07219670239759796,0.014575138769926,-0.01690417427328345,0,,
ACTINVR,mx,22.399999618530277,0.18442034595522636,0.21304134058838406,0.21304134058838406,0.07021866188606911,0.04546237407675724,0.07063498133868337,0,,
